{"cameraMode":{"drawMode":0,"name":"Shaded","section":"Shading Mode"},"sceneLighting":false,"audioPlay":false,"sceneViewState":{"showFog":true,"showMaterialUpdate":false,"showSkybox":false,"showFlares":true,"showImageEffects":true,"showParticleSystems":true},"in2DMode":false,"pivot":{"x":0.0968543291091919,"y":1.7804884910583497,"z":0.06688070297241211},"rotation":{"x":0.047440025955438617,"y":0.9337816834449768,"z":-0.13285262882709504,"w":0.3297443985939026},"size":2.060598850250244,"orthographic":false}