{"cameraMode":{"drawMode":0,"name":"Shaded","section":"Shading Mode"},"sceneLighting":false,"audioPlay":false,"sceneViewState":{"showFog":true,"showMaterialUpdate":false,"showSkybox":false,"showFlares":true,"showImageEffects":true,"showParticleSystems":true},"in2DMode":false,"pivot":{"x":0.004023075103759766,"y":1.7346932888031006,"z":0.010767817497253418},"rotation":{"x":0.04460388049483299,"y":0.9377830624580383,"z":-0.12912419438362122,"w":0.32012540102005007},"size":2.060598850250244,"orthographic":false}