{"cameraMode":{"drawMode":0,"name":"Shaded","section":"Shading Mode"},"sceneLighting":false,"audioPlay":false,"sceneViewState":{"showFog":true,"showMaterialUpdate":false,"showSkybox":false,"showFlares":true,"showImageEffects":true,"showParticleSystems":true},"in2DMode":false,"pivot":{"x":-0.4980018138885498,"y":-0.21649861335754395,"z":-1.1925134658813477},"rotation":{"x":-0.2896604835987091,"y":-0.5075715184211731,"z":0.18620918691158296,"w":-0.7899671196937561},"size":2.8578836917877199,"orthographic":false}