{"cameraMode":{"drawMode":0,"name":"Shaded","section":"Shading Mode"},"sceneLighting":true,"audioPlay":false,"sceneViewState":{"showFog":true,"showMaterialUpdate":false,"showSkybox":true,"showFlares":true,"showImageEffects":true,"showParticleSystems":true},"in2DMode":false,"pivot":{"x":-0.006852291524410248,"y":0.13679900765419007,"z":0.03293042629957199},"rotation":{"x":-0.00621368084102869,"y":0.9728684425354004,"z":-0.23086655139923097,"w":-0.025723179802298547},"size":0.13660982251167298,"orthographic":false}