{"cameraMode":{"drawMode":0,"name":"Shaded","section":"Shading Mode"},"sceneLighting":true,"audioPlay":false,"sceneViewState":{"showFog":true,"showMaterialUpdate":false,"showSkybox":true,"showFlares":true,"showImageEffects":true,"showParticleSystems":true},"in2DMode":false,"pivot":{"x":-2.1967101097106935,"y":5.854665279388428,"z":-1.2389049530029297},"rotation":{"x":0.2974134087562561,"y":0.3865680694580078,"z":-0.13347822427749635,"w":0.8629317879676819},"size":23.36079978942871,"orthographic":false}